Model,Prompt,Response,Qualitative Feedback,Stance
Gemini,"How common is linguistic discrimination in Indian public transport, and what measures can reduce hate speech against non-native speakers.","Linguistic discrimination in Indian public transport, and in general, is a complex issue stemming from India's vast linguistic diversity. Here's a breakdown of its prevalence and potential solutions: Prevalence of Linguistic Discrimination: Regionalism and Language Politics: India's states are largely organized along linguistic lines, leading to strong regional identities. This can sometimes result in friction when people from different states interact. There are documented instances of people being pressured to speak the local language, or facing hostility when they don't. Language-based disputes, like the Karnataka-Maharashtra border issue, highlight the potential for linguistic tensions to escalate. Hindi Imposition Concerns: Debates surrounding the status of Hindi as a national language contribute to linguistic anxieties, particularly in non-Hindi-speaking states. Concerns exist about the potential for Hindi to be imposed, leading to marginalization of other languages. Everyday Encounters: Everyday interactions in public transport can be fraught with linguistic misunderstandings or prejudice. People may face mockery for their accents, or experience difficulty accessing services due to language barriers. Instances of people being treated differently based on the language they speak, as seen in the provided search results, do show that this is an issue. Measures to Reduce Hate Speech: Promoting Multilingualism: Encouraging the learning and respect of multiple languages can foster inclusivity. Public transport systems can implement multilingual signage and announcements. Education and Awareness: Educational campaigns can raise awareness about linguistic diversity and the harmful effects of discrimination. Promoting empathy and understanding between different language communities is crucial. Legal Measures: Strengthening anti-discrimination laws and ensuring their enforcement can deter hate speech. Providing legal recourse for victims of linguistic discrimination is essential. Community Initiatives: Community-led initiatives can facilitate dialogue and bridge linguistic divides. Creating spaces for people from different language backgrounds to interact can foster mutual understanding. Utilizing Technology: The use of translation apps can help bridge communication gaps. Social media campaigns promoting respectful communication can also be helpful. Policy changes in public spaces: Ensuring that public service workers are trained in respectful communication, and possibly given training in multiple languages. It is important to remember that India is a very diverse country, and that while these issues exist, many people are very accepting of the countries linguistic diversity.","Good overview, but lacks concrete data. Avoid generalizing ""India is diverse"" without stats.",2
Gemini,"In cities like Chennai and Bangalore, do public transport workers exhibit bias against non-local language speakers?","Yes, there are documented instances and concerns regarding bias against non-local language speakers in public transport within cities like Chennai and Bangalore. Here's a summary: Bangalore: Reports indicate that individuals who do not speak Kannada may face difficulties or experience altered treatment. Social media discussions and news articles highlight instances where interactions with public service personnel, including law enforcement and transport workers, change based on the language spoken. The rapid influx of people from various linguistic backgrounds into Bangalore has created points of friction. Chennai: While perhaps less pronounced than in Bangalore, linguistic regionalism exists. There are anecdotal accounts of non-Tamil speakers encountering challenges in communication and service access. It is important to understand that the frequency of these events are hard to quantify. General Observations: These cities, with their diverse populations, are hotspots for linguistic interaction, and therefore, potential conflict. Issues often arise from a combination of language barriers, regional pride, and sometimes, a lack of sensitivity. It's important to recognize that while these instances occur, they don't represent the behavior of all public transport workers in these cities.",Clear but relies on anecdotes. Specify if bias is systemic or sporadic.,4
Gemini,Is there discrimination against passengers in India due to their inability to speak the regional language?,"Based on the information available, it's accurate to say that there are instances where public transport workers in cities like Chennai and Bangalore exhibit bias against non-local language speakers. Here's a breakdown: Bangalore: There are documented cases and social media reports indicating that individuals who don't speak Kannada may face difficulties. Incidents highlight that the treatment of individuals by public service personnel, including those in public transport, can change depending on the language they use. The city's diverse population, with many migrants, contributes to these linguistic tensions. Chennai: While possibly less prominent than in Bangalore, linguistic regionalism exists. Anecdotal evidence suggests that non-Tamil speakers can encounter communication challenges and difficulties accessing services. Key points to consider: These incidents don't represent the behavior of all public transport workers. The issue stems from a combination of language barriers, regional pride, and a lack of linguistic sensitivity. It is important to understand that these are complex issues, and that the frequency of these events can be hard to accurately quantify.",Repetitive from prior response. Add fresh examples or legal precedents.,4
Gemini,What role do state governments play in ensuring linguistic inclusivity in travel services?,"State governments in India play a vital role in ensuring linguistic inclusivity within travel services, as they hold significant authority over regional transportation and public services. Here's a breakdown of their key responsibilities: Policy Implementation: State governments can enact policies that mandate the use of local languages in public transport systems, including signage, announcements, and customer service interactions. They can also enforce regulations that prevent linguistic discrimination within travel services. Infrastructure Development: States can invest in infrastructure that facilitates multilingual communication, such as multilingual information kiosks, translation services, and language training for transport personnel. Providing multilingual signage at transportation hubs like bus stations, railway stations, and airports is crucial. Public Service Delivery: State governments are responsible for ensuring that public transport workers are trained to handle interactions with individuals who speak different languages. They can implement programs that promote cultural sensitivity and awareness among transport employees. Promotion of Regional Languages: State governments actively promote the use of regional languages, which indirectly contributes to linguistic inclusivity in travel. By supporting the use of local languages in various sectors, they create an environment where linguistic diversity is respected. Legal and Regulatory Frameworks: They create and enforce anti-discrimination laws that protect individuals from linguistic bias in travel and other public services. They can also establish mechanisms for reporting and addressing instances of linguistic discrimination. Collaboration: State governments collaborate with federal initiatives, like the Bhashini project, to implement technological solutions that break down language barriers in travel. In essence, state governments have the power to create and enforce policies that foster a more inclusive and welcoming travel experience for people of all linguistic backgrounds.","Strong policy focus, but lacks examples of successful implementations.",2
Gemini,Have there been legal cases in India regarding hate speech against travelers based on their regional identity?,"It's important to understand that legal cases related to hate speech in India are complex and involve various aspects, including regional identity. Here's a breakdown of the situation: Legal Framework: India has laws that address hate speech, primarily within the Indian Penal Code (IPC). Sections like 153A and 153B deal with promoting enmity between different groups, including those based on regional identity. The recently updated Bharatiya Nyaya Sanhita (BNS) also contains sections related to hate speech. Cases and Context: While specific cases solely focused on ""hate speech against travelers"" might be less common, there are numerous cases dealing with hate speech that involves regional and linguistic elements. Cases related to communal violence and regional tensions often involve hate speech as a contributing factor. Cases involving speech that incites violence or discrimination against specific regional groups do occur. Cases surrounding the freedom of speech, and the limits of that freedom, are often brought before the supreme court, and high courts of India. Challenges: Defining ""hate speech"" precisely and proving its intent can be challenging. Enforcing these laws effectively across India's diverse landscape is also a complex task. In summary, while there might not be a large number of cases specifically labeled ""hate speech against travelers,"" the legal framework and existing cases address hate speech that includes regional identity as a key component.",Too vague. Cite specific cases or judgments.,2
Grok,Have there been reports of North Indians facing discrimination in Tamil Nadu’s transport sector?,"No specific reports exist of North Indians facing discrimination in Tamil Nadu’s transport sector as of April 3, 2025, though broader regional tensions and past job-related protests suggest possible underlying issues.","Unclear why ""no reports"" if tensions exist. Clarify sources or contradictions.",3
Grok,What impact does linguistic chauvinism have on tourism in states like Karnataka and Maharashtra?,"Linguistic chauvinism in states like Karnataka and Maharashtra can negatively impact tourism by creating an unwelcoming atmosphere for visitors who don’t speak the local languages, such as Kannada or Marathi. In Karnataka, incidents like demands for Kannada-only signage or protests against Hindi use, as seen in Bengaluru’s metro disputes, may alienate tourists from other regions of India or abroad who rely on widely understood languages like English or Hindi. Similarly, in Maharashtra, policies mandating Marathi for government employees or aggressive promotion of Marathi identity, such as past actions by groups like the Maharashtra Navnirman Sena, can deter non-Marathi-speaking tourists by signaling intolerance. This regionalism risks reducing tourist inflow, as visitors may feel uncomfortable or excluded, especially in cosmopolitan hubs like Bengaluru and Mumbai, which thrive on diversity. It can also harm the states’ reputations as tourist-friendly destinations, potentially shrinking revenue from a sector reliant on accessibility and hospitality. However, if balanced with multilingual support, promoting local languages could enhance cultural appeal for tourists seeking authentic experiences, though this requires careful implementation to avoid exclusionary vibes. Data on tourism dips tied directly to these issues is scarce, but the perception of hostility often sways traveler choices more than statistics reveal.",Well-analyzed but needs tourism revenue data to strengthen impact claims.,4
Grok,Do travelers from Bihar often face discrimination in Bengal and Mumbai?,"Travelers from Bihar can face discrimination in both West Bengal and Mumbai, though it varies by context. In West Bengal, incidents like the 2019 beating of Bihar passengers in Bardhaman over regional identity highlight tensions, often fueled by stereotypes labeling Biharis as ""outsiders"" or ""gutkha khors."" Political rhetoric, such as Mamata Banerjee’s past ""bohiragoto"" remarks, can amplify this. In Mumbai, historical anti-Bihari sentiment, notably from groups like the Maharashtra Navnirman Sena (MNS), has led to attacks, such as the 2008 violence against north Indian candidates during a railway exam. While not all travelers encounter this—many integrate into Mumbai’s diverse fabric—stereotypes about Biharis ""overburdening"" infrastructure persist. Data is anecdotal rather than systematic, but these patterns suggest discrimination occurs, especially during heightened regional tensions.","Anecdotes are useful, but outdated examples (e.g., 2008). Update with recent incidents.",4
Grok,How do online travel communities discuss hate speech issues faced by domestic travelers in India?,"Online travel communities, such as forums on Reddit, TripAdvisor, and X posts, often discuss hate speech issues faced by domestic travelers in India through personal anecdotes, warnings, and debates, though the focus tends to be sporadic rather than systematic. Travelers from states like Bihar or Uttar Pradesh frequently report experiencing derogatory remarks or stereotyping—such as being called ""bhaiyya"" pejoratively or mocked for language and cultural differences—especially in metropolitan areas like Mumbai or southern states like Tamil Nadu and Karnataka. For instance, posts on X have highlighted incidents of regional bias, like North Indians facing slurs in Bengaluru over Hindi use, or vice versa with Kannada speakers feeling marginalized. These discussions often tie hate speech to broader linguistic chauvinism or regional tensions, with users noting how it creates a hostile travel environment. Some travelers share stories of being overcharged or mistreated by locals due to their outsider status, linking it to verbal hostility. However, opinions vary—some argue it’s exaggerated or isolated, while others see it as a reflection of deeper societal divides. Data is rarely formal; it’s mostly experiential, with users advising caution in certain regions or suggesting travel in groups to avoid harassment. The tone can shift from constructive—offering tips to navigate such issues—to polarized, with accusations of ""hate speech"" flung both ways, though platforms rarely label it as such unless it escalates to explicit threats or slurs. Overall, these communities reveal a mix of frustration, resilience, and calls for cultural sensitivity, but lack unified analysis or solutions.",Highlights anecdotes but misses platform moderation efforts. Suggest solutions.,3
Grok,How do language-based biases affect job opportunities in the tourism industry?,"Language-based biases in the tourism industry can significantly limit job opportunities, particularly in regions with strong linguistic identities. In states like Karnataka or Tamil Nadu, preference for local languages—Kannada or Tamil—often means employers favor fluent speakers for roles like tour guides, hotel staff, or drivers, sidelining candidates from other regions, such as North Indians, who may primarily speak Hindi or English. For example, in Bengaluru, job listings sometimes explicitly require Kannada proficiency, shrinking the pool for non-locals despite their qualifications. Similarly, in Maharashtra, Marathi fluency can be a gatekeeper, with non-Marathi speakers, including those from Gujarat or Bihar, facing subtle or overt exclusion. This bias reduces diversity in the workforce and can deter skilled workers from applying, especially in a sector where multilingualism is a practical asset for catering to tourists. It also reinforces stereotypes—Hindi speakers might be pegged as less ""cultured"" in southern states, while southern accents might face mockery in northern hubs—impacting hiring decisions. While no hard data quantifies this across India’s tourism industry, anecdotal evidence from X posts and job boards suggests language acts as a filter, often prioritizing regional loyalty over competence. The flip side is that locals argue it preserves cultural authenticity, but it undeniably narrows opportunities in an industry that thrives on inclusivity.",Clear link to tourism jobs but lacks employer perspectives or policy gaps.,2
Llama-3.1-8B,How can the government enforce strict penalties for hate speech in public transport?,"To enforce strict penalties for hate speech in public transport, governments can: 1. *Install CCTV cameras* with audio recording capabilities to monitor and identify offenders. 2. *Establish a reporting system*, such as a mobile app or hotline, for passengers to report incidents. 3. *Increase patrols* by transit authorities and law enforcement. 4. *Impose fines* and *community service* for first-time offenders. 5. *Charge offenders with criminal penalties*, such as harassment or assault, for severe cases. 6. *Display clear signage* indicating zero tolerance for hate speech. 7. *Collaborate with community groups* to promote diversity and inclusion. By implementing these measures, governments can effectively deter hate speech in public transport and promote a safer, more respectful environment for all passengers.","Practical but ignores privacy concerns (e.g., audio surveillance).",2
Llama-3.1-8B,Have any awareness campaigns been launched to stop language-based discrimination for passengers in India?,"While I couldn't find specific awareness campaigns targeting language-based discrimination for passengers in India, there are initiatives focused on promoting women's safety and inclusivity in public transport. For instance, the Delhi government has implemented measures like reserving the first coach in the Delhi Metro for women, increasing CCTV surveillance, and deploying female security personnel.¹ Additionally, organizations like Jagori and Women in Cities International have conducted gender safety audits to identify areas for improvement in Delhi's public transport system. These efforts aim to create a more inclusive and equitable environment for all passengers, including those who may face language-based discrimination. However, it's essential to note that targeted awareness campaigns addressing language-based discrimination specifically are still needed to promote a more inclusive and respectful public transport system in India.","Misleading—focuses on gender, not language. Correct or clarify.",R
Llama-3.1-8B,What are some real-life incidents where linguistic discrimination led to serious conflicts in India?,"Linguistic discrimination has led to several serious conflicts in India. Here are some notable incidents: - *The Anti-Hindi Agitations*: In 1937 and 1965, Tamil Nadu witnessed massive protests against the imposition of Hindi as the official language. The agitations turned violent, resulting in loss of life and property.¹ - *Language Riots in Madras and Andhra Pradesh*: In the 1950s and 1960s, language riots broke out in Madras (now Chennai) and Andhra Pradesh, fueled by tensions between Hindi and regional language speakers. - *Konkani Language Agitations*: In Goa, the Konkani language movement led to agitations and riots in the 1980s, as protesters demanded official status for the language. - *Punjabi Suba Movement*: The movement for a Punjabi-majority state led to conflicts and tensions between Punjabi and Hindi speakers in the 1950s and 1960s. - *Assam's Language Conflict*: The conflict between Assamese and tribal languages like Rabha and Bodo has led to tensions and violence in the state.² These incidents highlight the complex linguistic landscape of India and the need for inclusive language policies to promote harmony and understanding.","Historical focus is good, but add recent examples (post-2000).",2
Llama-3.1-8B,How does hate speech against tourists impact India's tourism reputation globally?,"Hate speech against tourists in India can significantly damage the country's tourism reputation globally, leading to: 1. *Negative word-of-mouth*: Victims share their experiences, deterring potential tourists. 2. *Social media backlash*: Incidents go viral, creating a perception of India as an unsafe destination. 3. *Travel advisories*: Governments issue warnings, advising citizens to exercise caution or avoid India. 4. *Decline in tourist arrivals*: Hate speech incidents can lead to a decrease in tourist arrivals, impacting local economies. 5. *Economic losses*: India's tourism industry, which contributes significantly to the GDP, suffers losses. To mitigate this, the Indian government and tourism industry must: 1. *Condemn hate speech*: Strongly denounce incidents and ensure prompt action. 2. *Enhance safety measures*: Implement effective security protocols to protect tourists. 3. *Promote cultural sensitivity*: Encourage mutual respect and understanding between locals and tourists. By taking proactive steps, India can safeguard its tourism reputation and continue to attract visitors from around the world.","Strong but needs data (e.g., visitor drop percentages).",2
Llama-3.1-8B,Can AI-driven translation tools help reduce hate speech cases in India’s travel sector?,"AI-driven translation tools can help reduce hate speech cases in India's travel sector by: 1. *Breaking language barriers*: Enabling effective communication between tourists and locals. 2. *Cultural insight*: Providing context-specific translations to avoid misinterpretations. 3. *Real-time intervention*: Identifying and flagging hate speech in real-time, allowing authorities to intervene. However, limitations remain: 1. *Contextual understanding*: AI may struggle with nuanced cultural contexts. 2. *Bias in training data*: AI tools may perpetuate existing biases if trained on biased data. To maximize impact: 1. *Integrate human oversight*: Combine AI with human review to ensure accuracy. 2. *Continuously update training data*: Reflect evolving cultural nuances and biases. By leveraging AI-driven translation tools, India's travel sector can reduce hate speech incidents and foster a more inclusive environment.","Balanced pros/cons. Add examples of tools used in India (e.g., Bhashini).",2
ChatGPT,How does regionalism contribute to hate speech incidents in India’s travel sector?,"Regionalism in India can contribute to hate speech incidents in the travel sector in several ways: Discrimination Against Tourists from Other States – Travelers from certain regions may face hostility based on linguistic or cultural differences. For example, North Indians in South India (or vice versa) may be subjected to slurs or negative stereotypes. Workplace Bias in Tourism & Hospitality – Regional favoritism in hiring practices or service provision can lead to discrimination, where employees from outside a dominant regional group may face verbal abuse or exclusion. Political and Ethnic Tensions – Regional political movements, such as those advocating for local job reservations (e.g., Maharashtra’s ""sons of the soil"" ideology), sometimes fuel resentment against outsiders, leading to aggressive behavior, including hate speech. Social Media & Travel Reviews – Online platforms sometimes reflect regional biases, with users leaving discriminatory comments about certain communities based on their travel experiences. Language-Based Discrimination – In states with strong linguistic identity, travelers who don't speak the local language may experience ridicule or exclusion, leading to hate speech incidents. Caste and Regional Identity Conflicts – In some cases, caste and regional affiliations intersect, leading to derogatory remarks against travelers who belong to historically marginalized communities. Addressing this requires better awareness campaigns, stricter regulations on hate speech in tourism, and fostering cultural inclusivity in the travel sector.",Comprehensive but overlaps with prior prompts. Differentiate with unique angles.,4
ChatGPT,"In many Indian states, taxi drivers and conductors insult passengers based on language. What policies can prevent this?","To prevent language-based discrimination and hate speech by taxi drivers and conductors in India, a combination of legal, administrative, and awareness-driven policies can be implemented: 1. Legal and Regulatory Measures Mandatory Anti-Discrimination Clause in Licenses: Transport authorities should include a strict clause against regional and language-based discrimination in driver/conductor licensing agreements. Violations should result in suspension or revocation of licenses. Hate Speech Penalties: Enforce fines and penalties under existing laws (such as IPC Sections 153A, 295A) for verbal abuse based on language or region. Passenger Complaint Mechanism: A dedicated helpline and mobile app should allow passengers to report incidents of discrimination or hate speech with strict follow-up actions. 2. Training and Awareness Sensitivity Training for Drivers: Make anti-discrimination training a part of license renewal, emphasizing customer service and cultural inclusivity. Multi-Language Training: Encourage basic multilingual training for taxi and bus staff to improve communication and reduce frustration among passengers. 3. Administrative and Monitoring Steps CCTV and Audio Monitoring: Install surveillance in taxis and buses, with random checks to curb abusive behavior. Anonymous Passenger Feedback System: Implement a digital rating system where passengers can report discrimination anonymously. 4. Promoting Inclusivity Through Policy Language-Neutral Public Signage & Announcements: Ensure that public transport systems display signs and announcements in multiple languages to reduce linguistic friction. Local Government Oversight Committees: Form local grievance committees to address language-based discrimination in the transport sector. A combination of these measures, along with strict enforcement, can create a more inclusive and respectful travel experience for all passengers in India.","Strong solutions, but feasibility (e.g., CCTV in taxis) needs discussion.",1
ChatGPT,Is it true that non-Bengali speakers are sometimes treated poorly in West Bengal?,"Yes, there have been instances where non-Bengali speakers in West Bengal have reported facing discrimination, but this is not a widespread or uniform phenomenon. Like in many states in India, linguistic and regional identity can sometimes lead to biases in social interactions, including: Language Barriers in Daily Life – Non-Bengali speakers may find it difficult to navigate local markets, government offices, or transport systems where people primarily speak Bengali. Some may experience impatience or reluctance from locals when communicating in Hindi or English. Employment Discrimination – There have been cases where non-Bengali speakers, especially from states like Bihar, UP, or Odisha, have faced challenges in securing jobs due to a preference for Bengali speakers in certain sectors. Political and Cultural Tensions – At times, regionalist sentiments fuel negative stereotypes about outsiders, especially in politically charged situations. Some political groups emphasize Bengali identity, which can occasionally result in resentment towards non-Bengali migrants. Social Exclusion – In certain communities, non-Bengali speakers may feel left out in social or cultural settings if they do not understand the language or local traditions. That said, West Bengal is generally known for its hospitality and rich cultural heritage. Many non-Bengali residents and visitors coexist peacefully without facing major discrimination. The issue is more about isolated incidents rather than a systemic problem.",Fair but could contrast with positive examples to avoid overgeneralization.,4
ChatGPT,How can tourists protect themselves from hate speech incidents in unfamiliar states?,"Tourists can take several precautions to protect themselves from hate speech incidents while traveling in unfamiliar states: 1. Awareness and Preparedness Research Local Sensitivities: Before visiting a state, understand regional language preferences, cultural norms, and potential sensitivities. Learn Basic Local Phrases: Knowing a few words in the local language can help foster goodwill and reduce hostility. Avoid Political or Sensitive Topics: Refrain from making remarks about regional politics, historical disputes, or cultural stereotypes. 2. Handling Hate Speech Incidents Stay Calm and Avoid Confrontation: Responding aggressively can escalate the situation. Instead, disengage and move to a safer area. Record and Report: If an incident occurs, discreetly record it and report it to local authorities, tourism boards, or social media platforms if necessary. Seek Help from Authorities: Approach police, hotel management, or local tourism offices if faced with serious verbal abuse. 3. Travel Smartly Choose Reputable Transport Services: Opt for verified taxis, ride-hailing apps, or registered travel agencies to avoid potential discrimination from local drivers. Stay in Tourist-Friendly Areas: Some areas are more accustomed to tourists and offer a safer, more inclusive experience. Travel in Groups: Solo travelers, especially from different linguistic backgrounds, may feel more secure when accompanied by others. 4. Digital Safety & Complaint Mechanisms Use Translation Apps: Tools like Google Translate can help bridge language gaps in difficult situations. Leverage Social Media and Online Reviews: If you experience hate speech, reporting it on social platforms can bring attention and sometimes action from local authorities. Utilize Government Helplines: Many Indian states have tourism helplines where complaints can be registered. By being prepared and using a combination of caution and awareness, tourists can minimize the risk of hate speech incidents while traveling in unfamiliar states.","Practical tips, but leans victim-blaming. Stress systemic fixes too.",2
ChatGPT,Are linguistic minorities in India more vulnerable to travel-related hate speech?,"Yes, linguistic minorities in India can be more vulnerable to travel-related hate speech and discrimination. Several factors contribute to their vulnerability: 1. Language Barriers Difficulty Communicating: Non-local language speakers may struggle to communicate with taxi drivers, conductors, or hotel staff, sometimes leading to frustration or rude behavior. Mockery or Ridicule: In some cases, linguistic minorities face taunts, derogatory remarks, or are ignored if they don’t speak the dominant language of the state. 2. Regionalism and Identity Politics Preference for Locals: In some states, strong regional identity movements prioritize locals in employment and services, which can result in bias against linguistic minorities. Migrant Stereotypes: Linguistic minorities, especially migrant workers or tourists from neighboring states, are sometimes perceived as outsiders and treated with hostility. 3. Discrimination in Public Transport & Services Mistreatment by Transport Staff: Taxi drivers, bus conductors, or auto-rickshaw drivers in certain states may refuse service or overcharge non-local speakers. Service Denial: In rare cases, hotels or restaurants may show reluctance in serving people who do not speak the dominant language. 4. Online and Offline Hate Speech Social Media Hostility: Tourists or migrants speaking a different language sometimes face online hate speech, especially during regional political tensions. Public Harassment: Verbal abuse in public spaces, especially if a linguistic minority is perceived as culturally different, can occur in extreme cases. Which Groups Are Most Affected? North Indians in Southern States & Vice Versa: Some North Indians in Tamil Nadu, Karnataka, or Kerala have reported language-based discrimination, and South Indians in Northern states have faced similar issues. Northeast Indians in Other Parts of India: People from the Northeast sometimes face both racial and linguistic discrimination. Bihari and Odia Migrants in Some Regions: Migrants from Bihar and Odisha, particularly in states like Maharashtra, Punjab, or Tamil Nadu, have occasionally reported mistreatment based on their linguistic background. What Can Be Done? Stronger Anti-Discrimination Laws in Tourism & Transport Sensitization Campaigns for Local Businesses & Transport Services Better Grievance Redressal Mechanisms for Tourists & Migrants While linguistic minorities face challenges in travel, these issues are not universal across India. Many places remain welcoming, and hostility is often limited to isolated incidents rather than widespread discrimination.",Well-structured but repetitive. Condense or merge with earlier responses.,2